numeric_feature,point_biserial_r,p_value
age,0.12093785754606756,3.188358152514283e-162
