categorical_feature,cramers_v,p_value,n_levels
asbestos_exposure,0.15736042106426437,3.1763639880637254e-271,2
copd_diagnosis,0.15354966189170058,2.3790269993005917e-258,2
radon_exposure,0.13655637494736303,3.4338614278331085e-203,3
family_history,0.10687493257311101,3.215920154278034e-126,2
secondhand_smoke_exposure,0.09688982132690407,4.367950187533919e-104,2
alcohol_consumption,0.03412361965842203,4.648652324171581e-10,2
gender,0.0001224162297322177,0.978162152401342,2
