AUROC,PR_AUC(AP),Accuracy,Precision,Recall,F1,TP,FP,FN,TN,threshold,Brier
0.7092048418017988,0.8407231287775412,0.6996,0.7466009517335146,0.8521823472356935,0.795905426215645,4393,1491,762,854,0.5586307103554471,0.19012395016674777
