feature,importance_mean,importance_std
asbestos_exposure,0.04797733186809916,0.0033253005170679247
copd_diagnosis,0.04520019216728148,0.001992614813310301
age,0.04294484782484662,0.003700063968969485
radon_exposure,0.03456271607449544,0.002230022407481531
family_history,0.02392599244395608,0.001707038630874705
secondhand_smoke_exposure,0.015789750471942733,0.0008448090531287487
gender,0.00033873204323269234,0.00018213583213117778
alcohol_consumption,-0.00030243194144352614,0.0005559797185007088
