split,n,pos,neg,pos_rate
train,34999,24054,10945,0.6872767793365525
valid,7501,5155,2346,0.6872417011065192
test,7500,5155,2345,0.6873333333333334
